[
    {
        "name": "Aldrey",
        "address": "Sarmiento 2685",
        "billBoard": [
            {
                "adult": false,
                "idMovie": 475557,
                "idGenre": [
                    80,
                    18,
                    53
                ],
                "originalTitle": "Joker",
                "title": "Guasón",
                "overview": "Arthur Fleck (Phoenix) es un hombre ignorado por la sociedad, cuya motivación en la vida es hacer reír. Pero una serie de trágicos acontecimientos le llevarán a ver el mundo de otra forma. Película basada en el popular personaje de DC Comics Joker, conocido como archivillano de Batman, pero que en este film tomará un cariz más realista y oscuro.",
                "posterPath": "https:\/\/image.tmdb.org\/t\/p\/original\/v0eQLbzT6sWelfApuYsEkYpzufl.jpg",
                "releaseDate": "2019-10-04",
                "backdropPath": "https:\/\/image.tmdb.org\/t\/p\/original\/n6bUvigpRFqSwmPp1m2YADdbRBc.jpg"
            },
            {
                "adult": false,
                "idMovie": 420809,
                "idGenre": [
                    12,
                    14,
                    10751
                ],
                "originalTitle": "Maleficent: Mistress of Evil",
                "title": "Maléfica: Dueña del mal",
                "overview": "Aventura de fantasía que retoma la historia de MALÉFICA varios años más tarde en la que se dieron a conocer los hechos que endurecieron el corazón de la villana más emblemática de Disney y la llevaron a arrojar una maldición sobre la princesa recién nacida: Aurora. La película continúa explorando la compleja relación entre el hada de enormes cuernos y la futura reina, mientras forjan nuevas alianzas y se enfrentan a nuevos adversarios en su lucha por proteger el páramo y las criaturas mágicas que lo habitan.",
                "posterPath": "https:\/\/image.tmdb.org\/t\/p\/original\/eZOkXqHXWCKytd78TggAtJ0M3gU.jpg",
                "releaseDate": "2019-10-16",
                "backdropPath": "https:\/\/image.tmdb.org\/t\/p\/original\/skvI4rYFrKXS73BJxWGH54Omlvv.jpg"
            },
            {
                "adult": false,
                "idMovie": 301528,
                "idGenre": [
                    12,
                    16,
                    35,
                    14,
                    10751
                ],
                "originalTitle": "Toy Story 4",
                "title": "Toy Story 4",
                "overview": "Woody siempre ha tenido claro cuál es su labor en el mundo, y cuál es su prioridad: cuidar a su dueño, ya sea Andy o Bonnie. Pero cuando Bonnie añade Forky, un nuevo y reluciente juguete a su habitación, arranca una nueva aventura que servirá para que los viejos y nuevos amigos le enseñen a Woody lo grande que puede ser el mundo para un juguete.",
                "posterPath": "https:\/\/image.tmdb.org\/t\/p\/original\/yF1vPDuHVrAUMX5dy1tVMbAjkEL.jpg",
                "releaseDate": "2019-06-19",
                "backdropPath": "https:\/\/image.tmdb.org\/t\/p\/original\/m67smI1IIMmYzCl9axvKNULVKLr.jpg"
            },
            {
                "adult": false,
                "idMovie": 481084,
                "idGenre": [
                    16,
                    35,
                    14,
                    27,
                    10751
                ],
                "originalTitle": "The Addams Family",
                "title": "Los Locos Addams",
                "overview": "En esta animación, la macabra familia Addams se está preparando para una fiesta brillante mientras espera la llegada de otros miembros del clan familiar.",
                "posterPath": "https:\/\/image.tmdb.org\/t\/p\/original\/lJEWS2QCr4DWhrVbEgB5kHMTKAY.jpg",
                "releaseDate": "2019-10-25",
                "backdropPath": "https:\/\/image.tmdb.org\/t\/p\/original\/nHZpVTiGLj0GXP3D9bFbmvzw73y.jpg"
            },
            {
                "adult": false,
                "idMovie": 540901,
                "idGenre": [
                    35,
                    80,
                    18
                ],
                "originalTitle": "Hustlers",
                "title": "Estafadoras de Wall Street",
                "overview": "Un grupo de stripers de un club neoyorquino forman un equipo para convertir sus mesas de trabajo en sus clientes de Wall Street.",
                "posterPath": "https:\/\/image.tmdb.org\/t\/p\/original\/di8JeI8otBrQMy6SZr4Hc3Ve3oj.jpg",
                "releaseDate": "2019-09-12",
                "backdropPath": "https:\/\/image.tmdb.org\/t\/p\/original\/5GynP6w2OQWSbKnCLHrBIriF4Cw.jpg"
            },
            {
                "adult": false,
                "idMovie": 511987,
                "idGenre": [
                    28,
                    18,
                    27,
                    53
                ],
                "originalTitle": "Crawl",
                "title": "Infierno en la tormenta",
                "overview": "Cuando un enorme huracán llega a su pueblo en Florida, Haley ignora las órdenes de evacuación para buscar a su padre. Tras encontrarle gravemente herido, ambos quedan atrapados por la inundación. Prácticamente sin tiempo para escapar de la tormenta que arrecia, Haley y su padre descubren que la subida del nivel del agua es el menor de sus problemas.",
                "posterPath": "https:\/\/image.tmdb.org\/t\/p\/original\/vPCQHc1LqLEC2ozuFQngqvc2SIO.jpg",
                "releaseDate": "2019-07-11",
                "backdropPath": "https:\/\/image.tmdb.org\/t\/p\/original\/lm4xH0YwFbVvTgdtau1thNK5S6J.jpg"
            },
            {
                "adult": false,
                "idMovie": 484641,
                "idGenre": [
                    28,
                    53
                ],
                "originalTitle": "Anna",
                "title": "Anna: el peligro tiene nombre",
                "overview": "Bajo la hipnotizante belleza de Anna Poliatova yace un secreto que le permite desatar una imparable agilidad y fuerza y convertirse en una de las asesinas más temidas por los gobiernos del mundo.",
                "posterPath": "https:\/\/image.tmdb.org\/t\/p\/original\/Ai4mWR2wHh6jemkzu6CI49Zxsw4.jpg",
                "releaseDate": "2019-09-27",
                "backdropPath": "https:\/\/image.tmdb.org\/t\/p\/original\/pIL9e5cN6RNugDCCLwn3stfb9HE.jpg"
            },
            {
                "adult": false,
                "idMovie": 496243,
                "idGenre": [
                    35,
                    18,
                    53
                ],
                "originalTitle": "기생충",
                "title": "Parásito",
                "overview": "Tanto Gi Taek (Song Kang Ho) como su familia están sin trabajo. Cuando su hijo mayor, Gi Woo (Choi Woo Shik), empieza a recibir clases particulares en casa de Park (Lee Sun Gyun), las dos familias, que tienen mucho en común pese a pertenecer a dos mundos totalmente distintos, comienzan una interrelación de resultados impresivibles.",
                "posterPath": "https:\/\/image.tmdb.org\/t\/p\/original\/zHk9i6yFodI6fJPbY85z9HURNnQ.jpg",
                "releaseDate": "2019-10-18",
                "backdropPath": "https:\/\/image.tmdb.org\/t\/p\/original\/ny5aCtglk2kceGAuAdiyqbhBBAf.jpg"
            },
            {
                "adult": false,
                "idMovie": 513045,
                "idGenre": [
                    28,
                    35,
                    80,
                    53
                ],
                "originalTitle": "Stuber",
                "title": "Stuber: Locos al volante",
                "overview": "La vida de un apacible conductor de Uber, Stu (Kumail Nanjiani), cambia repentinamente cuando se sube a su vehículo un pasajero (Dave Bautista) que resulta ser un policía que sigue la pista a un brutal asesino. Stu se ve obligado a luchar por salvar la vida, protagonizando una misión en la que nunca pidió participar, y cuyo principal objetivo tiene claro desde que descubre lo que está sucediendo: obtener las cinco estrellas de calificación en este movido viaje.",
                "posterPath": "https:\/\/image.tmdb.org\/t\/p\/original\/jySe3Z0eVO1vZTrDuctt0zJWBHz.jpg",
                "releaseDate": "2019-07-11",
                "backdropPath": "https:\/\/image.tmdb.org\/t\/p\/original\/xgfn98c2UzvFWP6MXDzytearmQ3.jpg"
            }
        ],
        "seats": [
            {
                "number": 1,
                "status": false
            },
            {
                "number": 2,
                "status": false
            },
            {
                "number": 3,
                "status": false
            },
            {
                "number": 4,
                "status": false
            },
            {
                "number": 5,
                "status": false
            },
            {
                "number": 6,
                "status": false
            },
            {
                "number": 7,
                "status": false
            },
            {
                "number": 8,
                "status": false
            },
            {
                "number": 9,
                "status": false
            },
            {
                "number": 10,
                "status": false
            }
        ],
        "ticketPrice": "300"
    },
    {
        "name": "Del Paseo",
        "address": "Diagonal Pueyrredón 3058",
        "billBoard": [
            {
                "adult": false,
                "idMovie": 475557,
                "idGenre": [
                    80,
                    18,
                    53
                ],
                "originalTitle": "Joker",
                "title": "Guasón",
                "overview": "Arthur Fleck (Phoenix) es un hombre ignorado por la sociedad, cuya motivación en la vida es hacer reír. Pero una serie de trágicos acontecimientos le llevarán a ver el mundo de otra forma. Película basada en el popular personaje de DC Comics Joker, conocido como archivillano de Batman, pero que en este film tomará un cariz más realista y oscuro.",
                "posterPath": "https:\/\/image.tmdb.org\/t\/p\/original\/v0eQLbzT6sWelfApuYsEkYpzufl.jpg",
                "releaseDate": "2019-10-04",
                "backdropPath": "https:\/\/image.tmdb.org\/t\/p\/original\/n6bUvigpRFqSwmPp1m2YADdbRBc.jpg"
            },
            {
                "adult": false,
                "idMovie": 420809,
                "idGenre": [
                    12,
                    14,
                    10751
                ],
                "originalTitle": "Maleficent: Mistress of Evil",
                "title": "Maléfica: Dueña del mal",
                "overview": "Aventura de fantasía que retoma la historia de MALÉFICA varios años más tarde en la que se dieron a conocer los hechos que endurecieron el corazón de la villana más emblemática de Disney y la llevaron a arrojar una maldición sobre la princesa recién nacida: Aurora. La película continúa explorando la compleja relación entre el hada de enormes cuernos y la futura reina, mientras forjan nuevas alianzas y se enfrentan a nuevos adversarios en su lucha por proteger el páramo y las criaturas mágicas que lo habitan.",
                "posterPath": "https:\/\/image.tmdb.org\/t\/p\/original\/eZOkXqHXWCKytd78TggAtJ0M3gU.jpg",
                "releaseDate": "2019-10-16",
                "backdropPath": "https:\/\/image.tmdb.org\/t\/p\/original\/skvI4rYFrKXS73BJxWGH54Omlvv.jpg"
            },
            {
                "adult": false,
                "idMovie": 559969,
                "idGenre": [
                    80,
                    18,
                    53
                ],
                "originalTitle": "El Camino: A Breaking Bad Movie",
                "title": "El Camino: Una película de Breaking Bad",
                "overview": "Después de escapar de Jack y su pandilla, Jesse Pinkman huye de la policía e intenta escapar de su propia tormenta interna.",
                "posterPath": "https:\/\/image.tmdb.org\/t\/p\/original\/hoWADuvXs3Ua4AXBAiZYnppTupO.jpg",
                "releaseDate": "2019-10-11",
                "backdropPath": "https:\/\/image.tmdb.org\/t\/p\/original\/uLXK1LQM28XovWHPao3ViTeggXA.jpg"
            },
            {
                "adult": false,
                "idMovie": 301528,
                "idGenre": [
                    12,
                    16,
                    35,
                    14,
                    10751
                ],
                "originalTitle": "Toy Story 4",
                "title": "Toy Story 4",
                "overview": "Woody siempre ha tenido claro cuál es su labor en el mundo, y cuál es su prioridad: cuidar a su dueño, ya sea Andy o Bonnie. Pero cuando Bonnie añade Forky, un nuevo y reluciente juguete a su habitación, arranca una nueva aventura que servirá para que los viejos y nuevos amigos le enseñen a Woody lo grande que puede ser el mundo para un juguete.",
                "posterPath": "https:\/\/image.tmdb.org\/t\/p\/original\/yF1vPDuHVrAUMX5dy1tVMbAjkEL.jpg",
                "releaseDate": "2019-06-19",
                "backdropPath": "https:\/\/image.tmdb.org\/t\/p\/original\/m67smI1IIMmYzCl9axvKNULVKLr.jpg"
            },
            {
                "adult": false,
                "idMovie": 449924,
                "idGenre": [
                    28,
                    18,
                    36
                ],
                "originalTitle": "葉問4",
                "title": "Ip Man 4",
                "overview": "Ip Man llega a San Francisco, Estados Unidos, donde su estudiante, Bruce Lee , ha molestado a la comunidad local de artes marciales al abrir una escuela de Wing Chun",
                "posterPath": "https:\/\/image.tmdb.org\/t\/p\/original\/mAWBfTDAmfpvQGMVFuzuVl49N1P.jpg",
                "releaseDate": "2019-10-18",
                "backdropPath": "https:\/\/image.tmdb.org\/t\/p\/original\/ekP6EVxL81lZ4ivcqPsoZ72rY0h.jpg"
            },
            {
                "adult": false,
                "idMovie": 453405,
                "idGenre": [
                    28,
                    53
                ],
                "originalTitle": "Gemini Man",
                "title": "Proyecto Géminis",
                "overview": "Gemini Man es un innovador thriller de acción protagonizado por Will Smith como Henry Brogan, un asesino de élite, que de repente es atacado y perseguido por un misterioso joven operario que aparentemente puede predecir cada uno de sus movimientos. La película está dirigida por el cineasta ganador del Premio de la Academia® Ang Lee y producida por los reconocidos productores Jerry Bruckheimer, David Ellison, Dana Goldberg y Don Granger. También protagonizan Mary Elizabeth Winstead, Clive Owen y Benedict Wong.",
                "posterPath": "https:\/\/image.tmdb.org\/t\/p\/original\/gJpbw3pVCAKksp1LgsTGW7c8SFV.jpg",
                "releaseDate": "2019-10-11",
                "backdropPath": "https:\/\/image.tmdb.org\/t\/p\/original\/c3F4P2oauA7IQmy4hM0OmRt2W7d.jpg"
            }
        ],
        "seats": [
            {
                "number": 1,
                "status": false
            },
            {
                "number": 2,
                "status": false
            },
            {
                "number": 3,
                "status": false
            },
            {
                "number": 4,
                "status": false
            },
            {
                "number": 5,
                "status": false
            },
            {
                "number": 6,
                "status": false
            },
            {
                "number": 7,
                "status": false
            },
            {
                "number": 8,
                "status": false
            },
            {
                "number": 9,
                "status": false
            },
            {
                "number": 10,
                "status": false
            },
            {
                "number": 11,
                "status": false
            },
            {
                "number": 12,
                "status": false
            },
            {
                "number": 13,
                "status": false
            },
            {
                "number": 14,
                "status": false
            },
            {
                "number": 15,
                "status": false
            },
            {
                "number": 16,
                "status": false
            },
            {
                "number": 17,
                "status": false
            },
            {
                "number": 18,
                "status": false
            },
            {
                "number": 19,
                "status": false
            },
            {
                "number": 20,
                "status": false
            }
        ],
        "ticketPrice": "250"
    },
    {
        "name": "Ambassador",
        "address": "Córdoba 1673",
        "billBoard": [
            {
                "adult": false,
                "idMovie": 475557,
                "idGenre": [
                    80,
                    18,
                    53
                ],
                "originalTitle": "Joker",
                "title": "Guasón",
                "overview": "Arthur Fleck (Phoenix) es un hombre ignorado por la sociedad, cuya motivación en la vida es hacer reír. Pero una serie de trágicos acontecimientos le llevarán a ver el mundo de otra forma. Película basada en el popular personaje de DC Comics Joker, conocido como archivillano de Batman, pero que en este film tomará un cariz más realista y oscuro.",
                "posterPath": "https:\/\/image.tmdb.org\/t\/p\/original\/v0eQLbzT6sWelfApuYsEkYpzufl.jpg",
                "releaseDate": "2019-10-04",
                "backdropPath": "https:\/\/image.tmdb.org\/t\/p\/original\/n6bUvigpRFqSwmPp1m2YADdbRBc.jpg"
            },
            {
                "adult": false,
                "idMovie": 301528,
                "idGenre": [
                    12,
                    16,
                    35,
                    14,
                    10751
                ],
                "originalTitle": "Toy Story 4",
                "title": "Toy Story 4",
                "overview": "Woody siempre ha tenido claro cuál es su labor en el mundo, y cuál es su prioridad: cuidar a su dueño, ya sea Andy o Bonnie. Pero cuando Bonnie añade Forky, un nuevo y reluciente juguete a su habitación, arranca una nueva aventura que servirá para que los viejos y nuevos amigos le enseñen a Woody lo grande que puede ser el mundo para un juguete.",
                "posterPath": "https:\/\/image.tmdb.org\/t\/p\/original\/yF1vPDuHVrAUMX5dy1tVMbAjkEL.jpg",
                "releaseDate": "2019-06-19",
                "backdropPath": "https:\/\/image.tmdb.org\/t\/p\/original\/m67smI1IIMmYzCl9axvKNULVKLr.jpg"
            },
            {
                "adult": false,
                "idMovie": 522938,
                "idGenre": [
                    28,
                    53
                ],
                "originalTitle": "Rambo: Last Blood",
                "title": "Rambo 5: La última misión",
                "overview": "John Rambo está en horas bajas y viviendo en un rancho en Arizona, pero cuando recibe la noticia de que su nieta ha desaparecido, tras haber cruzado la frontera a México para ir a una fiesta, Rambo decide ir en su búsqueda.",
                "posterPath": "https:\/\/image.tmdb.org\/t\/p\/original\/kG3pY61LWGAzcaSne12CGEeRvtg.jpg",
                "releaseDate": "2019-09-20",
                "backdropPath": "https:\/\/image.tmdb.org\/t\/p\/original\/spYx9XQFODuqEVoPpvaJI1ksAVt.jpg"
            }
        ],
        "seats": [
            {
                "number": 1,
                "status": false
            },
            {
                "number": 2,
                "status": false
            },
            {
                "number": 3,
                "status": false
            },
            {
                "number": 4,
                "status": false
            },
            {
                "number": 5,
                "status": false
            },
            {
                "number": 6,
                "status": false
            },
            {
                "number": 7,
                "status": false
            },
            {
                "number": 8,
                "status": false
            },
            {
                "number": 9,
                "status": false
            },
            {
                "number": 10,
                "status": false
            },
            {
                "number": 11,
                "status": false
            },
            {
                "number": 12,
                "status": false
            },
            {
                "number": 13,
                "status": false
            },
            {
                "number": 14,
                "status": false
            },
            {
                "number": 15,
                "status": false
            }
        ],
        "ticketPrice": "150"
    },
    {
        "name": "Cine Falso",
        "address": "Calle Falsa 123",
        "billBoard": [
            {
                "adult": false,
                "idMovie": 458156,
                "idGenre": [
                    28,
                    80,
                    53
                ],
                "originalTitle": "John Wick: Chapter 3 - Parabellum",
                "title": "John Wick 3: Parabellum",
                "overview": "Después de matar a un miembro del misterioso gremio internacional de asesinos, la Mesa Alta, John Wick está excomulgado, pero los hombres y mujeres más despiadados del mundo esperan cada  uno su turno.",
                "posterPath": "https:\/\/image.tmdb.org\/t\/p\/original\/aKw7oqYdfn4pkKYvp18Gd1YhK6m.jpg",
                "releaseDate": "2019-05-15",
                "backdropPath": "https:\/\/image.tmdb.org\/t\/p\/original\/stemLQMLDrlpfIlZ5OjllOPT8QX.jpg"
            },
            {
                "adult": false,
                "idMovie": 496243,
                "idGenre": [
                    35,
                    18,
                    53
                ],
                "originalTitle": "기생충",
                "title": "Parásito",
                "overview": "Tanto Gi Taek (Song Kang Ho) como su familia están sin trabajo. Cuando su hijo mayor, Gi Woo (Choi Woo Shik), empieza a recibir clases particulares en casa de Park (Lee Sun Gyun), las dos familias, que tienen mucho en común pese a pertenecer a dos mundos totalmente distintos, comienzan una interrelación de resultados impresivibles.",
                "posterPath": "https:\/\/image.tmdb.org\/t\/p\/original\/zHk9i6yFodI6fJPbY85z9HURNnQ.jpg",
                "releaseDate": "2019-10-18",
                "backdropPath": "https:\/\/image.tmdb.org\/t\/p\/original\/ny5aCtglk2kceGAuAdiyqbhBBAf.jpg"
            },
            {
                "adult": false,
                "idMovie": 513045,
                "idGenre": [
                    28,
                    35,
                    80,
                    53
                ],
                "originalTitle": "Stuber",
                "title": "Stuber: Locos al volante",
                "overview": "La vida de un apacible conductor de Uber, Stu (Kumail Nanjiani), cambia repentinamente cuando se sube a su vehículo un pasajero (Dave Bautista) que resulta ser un policía que sigue la pista a un brutal asesino. Stu se ve obligado a luchar por salvar la vida, protagonizando una misión en la que nunca pidió participar, y cuyo principal objetivo tiene claro desde que descubre lo que está sucediendo: obtener las cinco estrellas de calificación en este movido viaje.",
                "posterPath": "https:\/\/image.tmdb.org\/t\/p\/original\/jySe3Z0eVO1vZTrDuctt0zJWBHz.jpg",
                "releaseDate": "2019-07-11",
                "backdropPath": "https:\/\/image.tmdb.org\/t\/p\/original\/xgfn98c2UzvFWP6MXDzytearmQ3.jpg"
            }
        ],
        "seats": [
            {
                "number": 1,
                "status": false
            },
            {
                "number": 2,
                "status": false
            },
            {
                "number": 3,
                "status": false
            },
            {
                "number": 4,
                "status": false
            },
            {
                "number": 5,
                "status": false
            },
            {
                "number": 6,
                "status": false
            },
            {
                "number": 7,
                "status": false
            },
            {
                "number": 8,
                "status": false
            },
            {
                "number": 9,
                "status": false
            },
            {
                "number": 10,
                "status": false
            },
            {
                "number": 11,
                "status": false
            },
            {
                "number": 12,
                "status": false
            },
            {
                "number": 13,
                "status": false
            },
            {
                "number": 14,
                "status": false
            },
            {
                "number": 15,
                "status": false
            },
            {
                "number": 16,
                "status": false
            },
            {
                "number": 17,
                "status": false
            },
            {
                "number": 18,
                "status": false
            },
            {
                "number": 19,
                "status": false
            },
            {
                "number": 20,
                "status": false
            },
            {
                "number": 21,
                "status": false
            },
            {
                "number": 22,
                "status": false
            },
            {
                "number": 23,
                "status": false
            },
            {
                "number": 24,
                "status": false
            },
            {
                "number": 25,
                "status": false
            },
            {
                "number": 26,
                "status": false
            },
            {
                "number": 27,
                "status": false
            },
            {
                "number": 28,
                "status": false
            },
            {
                "number": 29,
                "status": false
            },
            {
                "number": 30,
                "status": false
            },
            {
                "number": 31,
                "status": false
            },
            {
                "number": 32,
                "status": false
            },
            {
                "number": 33,
                "status": false
            },
            {
                "number": 34,
                "status": false
            },
            {
                "number": 35,
                "status": false
            },
            {
                "number": 36,
                "status": false
            },
            {
                "number": 37,
                "status": false
            },
            {
                "number": 38,
                "status": false
            },
            {
                "number": 39,
                "status": false
            },
            {
                "number": 40,
                "status": false
            },
            {
                "number": 41,
                "status": false
            },
            {
                "number": 42,
                "status": false
            },
            {
                "number": 43,
                "status": false
            },
            {
                "number": 44,
                "status": false
            },
            {
                "number": 45,
                "status": false
            },
            {
                "number": 46,
                "status": false
            },
            {
                "number": 47,
                "status": false
            },
            {
                "number": 48,
                "status": false
            },
            {
                "number": 49,
                "status": false
            },
            {
                "number": 50,
                "status": false
            }
        ],
        "ticketPrice": "600"
    }
]